Id;Email
1;ac.mattis.velit@nislelementumpurus.com
2;diam@neque.org
3;tortor@sapien.net
4;arcu.eu.odio@Phasellusfermentum.com
5;nec@urna.net
6;quis@hymenaeos.edu
7;sapien@blanditcongueIn.com
8;gravida@parturientmontes.co.uk
9;ipsum.Curabitur@ipsumprimisin.net
10;luctus.et@liberoMorbi.org
11;molestie.Sed@congueIn.com
12;viverra.Donec@risus.edu
13;faucibus.leo@eros.ca
14;a.aliquet.vel@orci.org
15;arcu.Vestibulum.ante@aliquetPhasellus.edu
16;quis.diam@risusDonecegestas.ca
17;interdum.Curabitur@ante.edu
18;dictum.augue@ipsum.net
19;lectus@faucibusMorbivehicula.ca
20;dui@Aliquamnecenim.org
21;habitant@quisurna.co.uk
22;lobortis@Cum.edu
23;Sed.auctor@aliquetodioEtiam.net
24;imperdiet.nec@ipsumdolorsit.net
25;erat@Etiamligula.com
26;Phasellus@scelerisque.net
27;quis@variuseteuismod.co.uk
28;eget.ipsum.Suspendisse@amet.edu
29;Aenean@vulputatedui.org
30;vitae@massaMaurisvestibulum.edu
31;non@feugiat.edu
32;cursus@elitfermentumrisus.net
33;egestas.a.scelerisque@tempor.org
34;egestas@IncondimentumDonec.org
35;velit@utpellentesque.org
36;Cras.dictum@sedhendrerita.co.uk
37;non@purussapiengravida.edu
38;facilisis@interdumligula.co.uk
39;accumsan.interdum@adipiscingenim.net
40;Duis@nullaIntegervulputate.edu
41;tincidunt@Duiscursusdiam.co.uk
42;feugiat@dictum.org
43;hendrerit@habitant.edu
44;vitae.diam.Proin@magna.com
45;ante.dictum@liberoet.ca
46;et@libero.net
47;ultrices@nonegestasa.com
48;vitae.aliquet.nec@hendreritconsectetuer.com
49;egestas.Aliquam.nec@ametrisusDonec.net
50;Aliquam.erat.volutpat@Crasdolordolor.co.uk
51;Integer.vulputate.risus@fringilla.edu
52;venenatis.lacus@mauris.edu
53;ridiculus.mus.Proin@magna.org
54;quis.turpis.vitae@estac.co.uk
55;facilisis.non.bibendum@nonummy.net
56;egestas.urna.justo@variusultrices.net
57;amet.dapibus@luctuset.ca
58;facilisis@varius.ca
59;morbi.tristique.senectus@faucibus.org
60;lacus@Vestibulumante.co.uk
61;nostra@rutrum.org
62;lacinia@at.ca
63;amet.ante.Vivamus@elit.co.uk
64;arcu.et@imperdietnec.net
65;dis.parturient@egetmollis.net
66;turpis.vitae.purus@sitametconsectetuer.co.uk
67;Etiam@euenimEtiam.edu
68;turpis.non.enim@mus.org
69;risus.Nulla@auguemalesuadamalesuada.net
70;eu.ultrices.sit@acarcuNunc.co.uk
71;auctor.velit@consequatauctor.com
72;tellus@elit.edu
73;Pellentesque.habitant@Donecdignissimmagna.edu
74;mattis.Cras.eget@malesuadamalesuadaInteger.co.uk
75;Proin@Crassedleo.net
76;malesuada@gravidaPraesenteu.net
77;nunc@posuere.co.uk
78;justo.nec@milorem.ca
79;at.risus.Nunc@inconsequatenim.com
80;ornare@maurissapiencursus.org
81;nisl.Maecenas.malesuada@ante.co.uk
82;lectus@mollisduiin.net
83;Fusce@quama.net
84;non@dignissim.edu
85;molestie.sodales.Mauris@scelerisqueneque.org
86;convallis@nibhQuisque.net
87;magna.et@euismodin.net
88;gravida@quamelementum.ca
89;adipiscing.ligula@Proinvelnisl.co.uk
90;tellus@Donec.net
91;tincidunt.pede@lorem.com
92;gravida@InloremDonec.co.uk
93;eu.metus@odio.edu
94;molestie@ipsumDonecsollicitudin.net
95;volutpat.Nulla@magnaSuspendissetristique.net
96;dui@Donectemporest.net
97;ultricies.ligula.Nullam@elit.edu
98;commodo.at.libero@aliquameuaccumsan.co.uk
99;in.sodales.elit@enimcondimentumeget.org
100;eu.sem@sem.ca