Id;First Name;Last Name
1;Jacqueline;Franks
2;Kathleen;Dorsey
3;Jane;Estrada
4;Zephr;Short
5;Aileen;Cain
6;Remedios;Calhoun
7;Whilemina;Williamson
8;Haviva;Barry
9;Marah;Morgan
10;Willow;Ruiz
11;Madaline;Young
12;Zorita;Tucker
13;Carolyn;Dalton
14;Rhonda;Whitehead
15;Signe;Sims
16;Jade;Cortez
17;Lani;Boyer
18;Wynter;Washington
19;Regan;Webster
20;Lunea;Andrews
21;Aurora;Oliver
22;Irma;Wilkerson
23;Pascale;Abbott
24;Rowan;Fitzpatrick
25;Tashya;Sanders
26;Lenore;Baldwin
27;Jeanette;Hatfield
28;Virginia;Rosario
29;Ciara;Bentley
30;Hilary;Schroeder
31;Kiara;Hill
32;Alexis;Tyson
33;Georgia;Bass
34;Tatyana;Molina
35;Sybill;Strickland
36;Aurora;George
37;Sophia;Rutledge
38;Judith;Suarez
39;Heather;Fulton
40;Kirsten;Barton
41;Wilma;Miller
42;Colleen;Huff
43;Eleanor;Hinton
44;Rhea;Merrill
45;Lara;Hebert
46;Madaline;Roy
47;Lysandra;Swanson
48;Freya;Mooney
49;Dai;Sparks
50;Kameko;Wolfe
51;Xandra;Howard
52;Erica;Moore
53;Carly;Black
54;Maia;Ratliff
55;Keiko;Gray
56;Hiroko;Floyd
57;Amela;Peters
58;Zorita;House
59;Doris;Francis
60;Medge;Lane
61;Halee;Walsh
62;Bertha;Casey
63;Candace;Noble
64;Robin;Harvey
65;Christine;Hardy
66;Eve;Knox
67;Iola;Harvey
68;Elaine;Maddox
69;Yetta;Hudson
70;Patricia;Schroeder
71;Cassidy;Bowers
72;Francesca;Berger
73;Kendall;Jacobs
74;Emma;Blackwell
75;Quin;Hodges
76;Chelsea;Ortega
77;Aiko;Roberson
78;Rowan;Gates
79;Catherine;Ryan
80;Samantha;Noble
81;Katell;Foster
82;Madonna;Duran
83;Sophia;Witt
84;Jada;Bender
85;Lillian;Holland
86;Gwendolyn;Woodard
87;Karina;Hammond
88;Zelda;Johnston
89;Leandra;Maldonado
90;Heather;Oliver
91;Maya;Valentine
92;Renee;Galloway
93;Dora;Olson
94;Zenaida;Reilly
95;Illana;Ayala
96;Melyssa;Bailey
97;Cassady;Nicholson
98;Kellie;Oneal
99;Risa;Sparks
100;Madison;Luna